,participant_id,status,topic,response
0,254,prof,parking,-2
1,255,wimi,parking,0
2,256,niwi,parking,-2
3,258,prof,parking,no_opinion
4,259,niwi,parking,0
5,260,niwi,parking,-2
6,261,wimi,parking,no_opinion
7,262,student,parking,no_opinion
8,263,wimi,parking,1
9,265,niwi,parking,0
10,266,niwi,parking,-1
11,267,niwi,parking,no_opinion
12,268,niwi,parking,-1
13,269,niwi,parking,no_opinion
14,270,wimi,parking,no_opinion
15,271,wimi,parking,-1
16,272,wimi,parking,-1
17,273,niwi,parking,-2
18,275,niwi,parking,1
19,276,niwi,parking,-1
20,278,wimi,parking,0
21,281,niwi,parking,2
22,282,student,parking,0
23,284,niwi,parking,-1
24,285,niwi,parking,-1
25,286,niwi,parking,no_answer
26,287,wimi,parking,1
27,288,niwi,parking,-1
28,289,niwi,parking,-2
29,290,niwi,parking,1
30,291,student,parking,no_opinion
31,292,prof,parking,no_opinion
32,294,student,parking,-1
33,295,prof,parking,no_opinion
34,296,niwi,parking,-2
35,298,wimi,parking,no_opinion
36,299,student,parking,0
37,300,niwi,parking,-1
38,301,wimi,parking,no_opinion
39,302,wimi,parking,-1
40,303,niwi,parking,0
41,304,student,parking,-2
42,305,niwi,parking,-1
43,306,wimi,parking,0
44,307,niwi,parking,1
45,309,wimi,parking,-1
46,310,niwi,parking,-1
47,311,wimi,parking,no_opinion
48,312,niwi,parking,2
49,314,niwi,parking,-1
50,315,student,parking,no_opinion
51,316,prof,parking,-1
52,318,niwi,parking,0
53,319,student,parking,no_opinion
54,320,student,parking,0
55,321,student,parking,0
56,323,student,parking,-1
57,330,niwi,parking,-1
58,331,wimi,parking,2
59,332,wimi,parking,2
60,333,niwi,parking,-2
61,334,niwi,parking,no_opinion
62,335,niwi,parking,-1
63,336,niwi,parking,0
64,337,niwi,parking,-1
65,338,niwi,parking,1
66,339,wimi,parking,no_opinion
67,340,wimi,parking,-1
68,342,wimi,parking,-2
69,343,niwi,parking,no_opinion
70,345,student,parking,1
71,346,wimi,parking,0
72,347,student,parking,-1
73,348,wimi,parking,-1
74,349,prof,parking,0
75,351,niwi,parking,0
76,352,niwi,parking,-2
77,355,prof,parking,-2
78,356,other,parking,-1
79,357,niwi,parking,-1
80,358,niwi,parking,0
81,359,niwi,parking,no_opinion
82,361,wimi,parking,-2
83,362,student,parking,no_opinion
84,363,niwi,parking,no_opinion
85,364,wimi,parking,no_opinion
86,365,wimi,parking,-2
87,367,niwi,parking,-1
88,368,wimi,parking,1
89,369,niwi,parking,-2
90,370,prof,parking,-2
91,371,niwi,parking,no_opinion
92,372,niwi,parking,1
93,373,niwi,parking,no_opinion
94,374,wimi,parking,-2
95,376,niwi,parking,2
96,377,student,parking,1
97,378,prof,parking,-2
98,379,niwi,parking,-2
99,380,niwi,parking,-1
100,381,niwi,parking,-1
101,382,niwi,parking,1
102,384,wimi,parking,no_opinion
103,385,niwi,parking,2
104,387,wimi,parking,-1
105,388,wimi,parking,0
106,389,niwi,parking,-2
107,391,niwi,parking,-2
108,392,niwi,parking,-2
109,393,student,parking,no_opinion
110,394,niwi,parking,0
111,396,other,parking,-1
112,397,niwi,parking,1
113,398,niwi,parking,0
114,400,wimi,parking,no_opinion
115,401,niwi,parking,no_opinion
116,404,niwi,parking,0
117,405,student,parking,no_opinion
118,406,wimi,parking,-2
119,407,niwi,parking,0
120,408,niwi,parking,no_opinion
121,409,niwi,parking,-1
122,410,wimi,parking,-1
123,411,prof,parking,-2
124,412,student,parking,-1
125,414,student,parking,0
126,416,wimi,parking,-1
127,417,prof,parking,0
128,419,student,parking,no_opinion
129,421,wimi,parking,-1
130,422,niwi,parking,no_opinion
131,423,wimi,parking,no_opinion
132,424,prof,parking,-1
133,425,student,parking,no_opinion
134,427,niwi,parking,no_opinion
135,428,student,parking,0
136,429,niwi,parking,-1
137,430,student,parking,no_opinion
138,431,student,parking,-2
139,432,niwi,parking,-2
140,433,niwi,parking,1
141,434,wimi,parking,-1
142,436,student,parking,0
143,437,wimi,parking,-2
144,438,niwi,parking,0
145,441,student,parking,no_opinion
146,442,wimi,parking,0
147,443,wimi,parking,-2
148,444,wimi,parking,no_opinion
149,445,wimi,parking,1
150,446,wimi,parking,-1
151,448,niwi,parking,1
152,449,niwi,parking,-2
153,450,niwi,parking,-1
154,451,student,parking,-1
155,453,niwi,parking,0
156,454,student,parking,-1
157,455,student,parking,-2
158,456,student,parking,no_opinion
159,457,niwi,parking,no_opinion
160,458,niwi,parking,no_opinion
161,460,student,parking,no_opinion
162,461,student,parking,no_opinion
163,462,student,parking,no_opinion
164,463,student,parking,1
165,464,niwi,parking,-2
166,465,student,parking,no_opinion
167,466,niwi,parking,1
168,468,student,parking,-1
169,469,student,parking,2
170,470,student,parking,-2
171,471,niwi,parking,-2
172,473,wimi,parking,no_opinion
173,474,wimi,parking,no_opinion
174,475,niwi,parking,0
175,476,prof,parking,-1
176,478,niwi,parking,-2
177,479,student,parking,no_opinion
178,480,student,parking,2
179,481,wimi,parking,0
180,482,student,parking,-1
181,483,wimi,parking,-1
182,484,student,parking,no_opinion
183,485,student,parking,-1
184,486,student,parking,no_opinion
185,487,wimi,parking,-1
186,488,niwi,parking,0
187,489,niwi,parking,-2
188,490,student,parking,no_opinion
189,491,niwi,parking,-1
190,492,student,parking,no_opinion
191,493,prof,parking,0
192,494,niwi,parking,0
193,495,niwi,parking,1
194,496,student,parking,1
195,497,niwi,parking,2
196,500,student,parking,2
197,501,niwi,parking,-2
198,502,other,parking,0
199,503,student,parking,-1
200,504,niwi,parking,-1
201,506,prof,parking,no_opinion
202,507,prof,parking,0
203,508,student,parking,0
204,509,wimi,parking,no_opinion
205,510,niwi,parking,2
206,511,student,parking,-2
207,512,niwi,parking,2
208,513,student,parking,1
209,515,wimi,parking,0
210,516,other,parking,1
211,518,niwi,parking,2
212,519,niwi,parking,no_opinion
213,520,niwi,parking,0
214,521,niwi,parking,0
215,523,wimi,parking,-2
216,524,student,parking,no_opinion
217,525,niwi,parking,-2
218,526,other,parking,no_opinion
219,527,niwi,parking,-2
220,528,niwi,parking,2
221,529,wimi,parking,1
222,530,niwi,parking,1
223,533,wimi,parking,no_opinion
224,534,niwi,parking,0
225,535,student,parking,0
226,537,niwi,parking,1
227,539,prof,parking,no_opinion
228,540,wimi,parking,-2
229,541,wimi,parking,no_answer
230,542,niwi,parking,2
231,544,wimi,parking,-1
232,545,wimi,parking,1
233,546,niwi,parking,no_opinion
234,547,wimi,parking,1
235,548,student,parking,2
236,549,wimi,parking,no_opinion
237,550,student,parking,1
238,551,student,parking,0
239,552,niwi,parking,-2
240,554,student,parking,no_opinion
241,555,wimi,parking,-1
242,556,student,parking,-2
243,557,prof,parking,no_opinion
244,558,prof,parking,-1
245,559,niwi,parking,-2
246,560,niwi,parking,no_opinion
247,561,niwi,parking,-2
248,563,wimi,parking,0
249,564,niwi,parking,-2
250,565,niwi,parking,no_opinion
251,566,student,parking,-2
252,567,student,parking,no_opinion
253,568,student,parking,no_opinion
254,569,niwi,parking,-2
255,570,wimi,parking,-2
256,572,wimi,parking,no_opinion
257,573,student,parking,-2
258,574,student,parking,no_opinion
259,575,niwi,parking,2
260,576,niwi,parking,-2
261,578,student,parking,no_opinion
262,579,niwi,parking,-1
263,580,student,parking,-1
264,581,niwi,parking,-1
265,583,student,parking,-1
266,584,student,parking,2
267,585,niwi,parking,-2
268,586,student,parking,no_opinion
269,587,niwi,parking,-1
270,588,niwi,parking,2
271,589,wimi,parking,-2
272,590,student,parking,no_opinion
273,591,wimi,parking,0
274,592,student,parking,-1
275,593,wimi,parking,no_opinion
276,596,wimi,parking,-2
277,597,student,parking,-2
278,598,student,parking,-1
279,599,wimi,parking,-1
280,600,niwi,parking,-1
281,601,niwi,parking,-1
282,602,prof,parking,0
283,604,student,parking,1
284,605,student,parking,no_opinion
285,606,student,parking,-1
286,607,niwi,parking,-2
287,608,student,parking,0
288,609,wimi,parking,-1
289,610,wimi,parking,1
290,611,wimi,parking,-2
291,612,wimi,parking,no_opinion
292,615,student,parking,0
293,616,student,parking,0
294,617,student,parking,no_opinion
295,618,student,parking,0
296,620,wimi,parking,no_opinion
297,621,student,parking,-2
298,622,student,parking,no_opinion
299,623,niwi,parking,-2
300,626,prof,parking,-2
301,627,niwi,parking,0
302,629,other,parking,1
303,631,student,parking,1
304,632,student,parking,no_opinion
305,633,student,parking,-1
306,634,student,parking,-2
307,635,wimi,parking,0
308,636,niwi,parking,-1
309,637,student,parking,1
310,638,wimi,parking,no_opinion
311,639,wimi,parking,-2
312,640,prof,parking,1
313,641,niwi,parking,-2
314,643,student,parking,-2
315,644,wimi,parking,no_opinion
316,646,student,parking,0
317,647,student,parking,no_opinion
318,652,niwi,parking,-2
319,653,wimi,parking,-2
320,654,niwi,parking,-1
321,655,wimi,parking,-1
322,656,student,parking,-2
323,657,student,parking,-2
324,658,student,parking,-2
325,660,student,parking,1
326,661,student,parking,no_opinion
327,662,wimi,parking,-2
328,663,niwi,parking,0
329,667,student,parking,no_opinion
330,668,student,parking,-1
331,669,student,parking,1
332,670,niwi,parking,-1
333,671,niwi,parking,-1
334,672,wimi,parking,-1
335,673,wimi,parking,no_opinion
336,674,wimi,parking,-2
337,675,student,parking,-2
338,676,student,parking,-1
339,677,niwi,parking,no_opinion
340,678,student,parking,-1
341,679,student,parking,no_opinion
342,680,wimi,parking,-1
343,682,student,parking,-1
344,683,student,parking,-2
345,684,student,parking,-2
346,686,niwi,parking,-2
347,687,student,parking,no_opinion
348,688,student,parking,0
349,689,student,parking,no_opinion
350,690,student,parking,0
351,691,wimi,parking,2
352,692,niwi,parking,no_opinion
353,693,niwi,parking,-1
354,695,student,parking,1
355,696,student,parking,no_opinion
356,697,niwi,parking,no_opinion
357,698,niwi,parking,0
358,699,student,parking,-1
359,700,student,parking,-1
360,701,student,parking,0
361,703,student,parking,-1
362,704,student,parking,-1
363,705,niwi,parking,0
364,706,wimi,parking,no_opinion
365,707,student,parking,1
366,708,wimi,parking,1
367,709,student,parking,no_opinion
368,710,niwi,parking,-2
369,711,wimi,parking,-1
370,712,niwi,parking,2
371,713,student,parking,no_opinion
372,715,student,parking,no_opinion
373,716,student,parking,no_opinion
374,717,student,parking,no_opinion
375,718,student,parking,-2
376,719,prof,parking,-2
377,721,niwi,parking,-1
378,722,wimi,parking,no_opinion
379,723,student,parking,no_opinion
380,724,wimi,parking,-2
381,726,student,parking,0
382,727,wimi,parking,0
383,728,prof,parking,1
384,729,niwi,parking,-2
385,730,wimi,parking,-2
386,731,student,parking,-1
387,733,student,parking,1
388,736,student,parking,1
389,737,student,parking,no_opinion
390,738,wimi,parking,0
391,739,wimi,parking,0
392,740,student,parking,no_opinion
393,741,wimi,parking,0
394,742,student,parking,no_opinion
395,743,student,parking,-2
396,744,student,parking,no_opinion
397,745,niwi,parking,-1
398,746,student,parking,no_opinion
399,748,student,parking,no_opinion
400,749,wimi,parking,-2
401,750,student,parking,-1
402,751,student,parking,2
403,752,student,parking,0
404,753,student,parking,-1
405,754,wimi,parking,0
406,755,student,parking,1
407,756,wimi,parking,-2
408,757,student,parking,-1
409,758,student,parking,no_opinion
410,759,student,parking,0
411,760,niwi,parking,-2
412,761,student,parking,-2
413,762,niwi,parking,1
414,767,niwi,parking,0
415,768,student,parking,-2
416,772,niwi,parking,no_opinion
417,773,student,parking,-1
418,774,student,parking,1
419,775,niwi,parking,-2
420,776,student,parking,-2
421,777,student,parking,-1
422,778,other,parking,-2
423,779,student,parking,1
424,780,student,parking,no_opinion
425,782,student,parking,1
426,783,niwi,parking,0
427,784,wimi,parking,no_opinion
428,785,wimi,parking,no_opinion
429,786,niwi,parking,0
430,787,student,parking,no_opinion
431,788,student,parking,0
432,789,student,parking,-1
433,790,niwi,parking,-1
434,791,student,parking,no_opinion
435,792,student,parking,0
436,793,student,parking,-2
437,794,wimi,parking,-1
438,796,student,parking,-1
439,797,wimi,parking,0
440,798,student,parking,-2
441,799,student,parking,-1
442,802,niwi,parking,-1
443,804,student,parking,-1
444,805,student,parking,-2
445,806,student,parking,1
446,807,student,parking,2
447,808,niwi,parking,-2
448,809,prof,parking,0
449,810,other,parking,0
450,811,student,parking,-1
451,812,niwi,parking,1
452,813,student,parking,-1
453,814,niwi,parking,1
454,815,niwi,parking,-1
455,816,prof,parking,-1
456,817,niwi,parking,-2
457,818,student,parking,2
458,819,student,parking,no_opinion
459,820,wimi,parking,no_opinion
460,821,student,parking,0
461,824,student,parking,-1
462,825,prof,parking,-1
463,827,student,parking,no_opinion
464,829,wimi,parking,-1
465,830,student,parking,-2
466,831,wimi,parking,no_opinion
467,832,student,parking,-1
468,834,wimi,parking,-2
469,835,niwi,parking,-1
470,836,student,parking,no_opinion
471,837,student,parking,-1
472,838,wimi,parking,0
473,839,niwi,parking,1
474,841,wimi,parking,-2
475,842,wimi,parking,no_opinion
476,843,student,parking,no_opinion
477,844,prof,parking,2
478,847,student,parking,2
479,848,student,parking,-1
480,849,wimi,parking,no_opinion
481,852,wimi,parking,-1
482,853,student,parking,0
483,854,student,parking,no_opinion
484,855,niwi,parking,2
485,856,niwi,parking,-2
486,857,niwi,parking,2
487,858,niwi,parking,-1
488,859,student,parking,0
489,862,student,parking,0
490,863,niwi,parking,-1
491,864,student,parking,no_opinion
492,866,wimi,parking,-2
493,868,niwi,parking,-1
494,869,student,parking,no_opinion
495,870,wimi,parking,no_opinion
496,871,student,parking,-2
497,872,student,parking,2
498,873,prof,parking,0
499,875,wimi,parking,no_opinion
500,876,wimi,parking,-2
501,877,student,parking,-1
502,878,student,parking,2
503,879,niwi,parking,0
504,880,student,parking,no_opinion
505,881,niwi,parking,-2
506,882,student,parking,no_opinion
507,884,wimi,parking,-1
508,885,prof,parking,0
509,886,niwi,parking,no_opinion
510,887,student,parking,-1
511,888,student,parking,-1
512,889,student,parking,-1
513,890,student,parking,2
514,891,niwi,parking,0
515,892,niwi,parking,0
516,893,student,parking,no_opinion
517,894,wimi,parking,no_opinion
518,896,student,parking,-2
519,898,student,parking,-2
520,899,niwi,parking,-1
521,901,student,parking,0
522,902,student,parking,-1
523,903,wimi,parking,no_opinion
524,905,student,parking,no_opinion
525,906,wimi,parking,2
526,908,student,parking,0
527,909,student,parking,-1
528,910,student,parking,no_opinion
529,912,niwi,parking,0
530,913,student,parking,-2
531,915,student,parking,no_opinion
532,917,niwi,parking,no_opinion
533,918,niwi,parking,-2
534,919,niwi,parking,-2
535,920,student,parking,no_opinion
536,922,wimi,parking,no_opinion
537,924,prof,parking,no_opinion
538,925,wimi,parking,-1
539,926,other,parking,0
540,927,student,parking,-1
541,928,other,parking,2
542,930,prof,parking,-1
543,931,student,parking,1
544,932,student,parking,no_opinion
545,933,student,parking,0
546,934,student,parking,1
547,935,student,parking,0
548,936,student,parking,no_opinion
549,937,niwi,parking,-1
550,940,niwi,parking,no_opinion
551,941,student,parking,no_opinion
552,942,niwi,parking,0
553,943,student,parking,-1
554,945,student,parking,0
555,946,wimi,parking,-1
556,948,student,parking,0
557,949,niwi,parking,-2
558,951,prof,parking,-1
559,952,niwi,parking,2
560,953,student,parking,-1
561,957,niwi,parking,no_opinion
562,958,other,parking,1
563,959,wimi,parking,-2
564,960,student,parking,no_opinion
565,961,student,parking,0
566,962,prof,parking,no_opinion
567,963,wimi,parking,no_opinion
568,964,student,parking,2
569,965,wimi,parking,1
570,968,student,parking,1
571,969,student,parking,no_opinion
572,971,student,parking,no_opinion
573,973,student,parking,no_opinion
574,974,niwi,parking,2
575,975,prof,parking,-1
576,976,student,parking,-2
577,977,student,parking,no_opinion
578,978,student,parking,-1
579,979,niwi,parking,-1
580,981,student,parking,2
581,982,wimi,parking,no_opinion
582,983,student,parking,-1
583,985,student,parking,no_opinion
584,986,niwi,parking,2
585,987,niwi,parking,no_opinion
586,988,student,parking,-1
587,989,student,parking,no_opinion
588,991,student,parking,-1
589,993,niwi,parking,-2
590,994,student,parking,-2
591,996,niwi,parking,-1
592,997,niwi,parking,no_opinion
593,998,wimi,parking,0
594,999,niwi,parking,no_opinion
595,1000,niwi,parking,-1
596,1002,student,parking,no_opinion
597,1003,student,parking,-1
598,1005,student,parking,no_opinion
599,1006,student,parking,2
600,1007,wimi,parking,1
601,1008,student,parking,2
602,1009,niwi,parking,no_opinion
603,1010,student,parking,-1
604,1011,student,parking,1
605,1012,student,parking,2
606,1014,student,parking,no_opinion
607,1015,student,parking,2
608,1017,student,parking,2
609,1018,student,parking,1
610,1019,student,parking,1
611,1020,student,parking,no_opinion
612,1021,student,parking,no_opinion
613,1022,student,parking,0
614,1023,student,parking,2
615,1024,wimi,parking,no_opinion
616,1025,student,parking,-2
617,1026,student,parking,-1
618,1027,student,parking,1
619,1028,wimi,parking,-2
620,1029,student,parking,no_opinion
621,1030,student,parking,no_opinion
622,1032,wimi,parking,-1
623,1033,niwi,parking,no_opinion
624,1034,student,parking,no_opinion
625,1035,student,parking,-2
626,1036,student,parking,2
627,1037,student,parking,no_opinion
628,1038,student,parking,0
629,1039,student,parking,no_opinion
630,1040,student,parking,-1
631,1041,student,parking,-2
632,1042,student,parking,no_opinion
633,1044,wimi,parking,2
634,1045,student,parking,no_opinion
635,1046,student,parking,1
636,1047,student,parking,no_opinion
637,1048,wimi,parking,0
638,1050,wimi,parking,no_opinion
639,1051,student,parking,-2
640,1052,student,parking,0
641,1053,student,parking,-1
642,1054,student,parking,no_opinion
643,1056,student,parking,no_opinion
644,1057,niwi,parking,no_opinion
645,1058,student,parking,0
646,1059,student,parking,no_opinion
647,1060,niwi,parking,-1
648,1061,student,parking,no_opinion
649,1062,other,parking,-1
650,1064,student,parking,-1
651,1065,student,parking,no_opinion
652,1066,student,parking,no_opinion
653,1067,student,parking,1
654,1068,niwi,parking,-1
655,1069,prof,parking,-1
656,1070,student,parking,no_opinion
657,1071,wimi,parking,2
658,1072,student,parking,-2
659,1073,student,parking,0
660,1074,student,parking,0
661,1075,student,parking,1
662,1076,wimi,parking,-1
663,1077,wimi,parking,1
664,1078,student,parking,0
665,1079,student,parking,-1
666,1080,wimi,parking,-1
667,1081,niwi,parking,0
668,1082,student,parking,2
669,1083,student,parking,0
670,1084,student,parking,2
671,1086,student,parking,no_opinion
672,1087,student,parking,-1
673,1088,student,parking,-1
674,1090,student,parking,1
675,1091,student,parking,-1
676,1092,student,parking,-1
677,1093,niwi,parking,0
678,1094,student,parking,0
679,1095,wimi,parking,-1
680,1098,student,parking,-1
681,1100,student,parking,2
682,1101,wimi,parking,no_opinion
683,1102,niwi,parking,1
684,1103,student,parking,no_opinion
685,1104,student,parking,1
686,1105,student,parking,no_opinion
687,1107,wimi,parking,0
688,1108,wimi,parking,-1
689,1109,student,parking,0
690,1112,student,parking,0
691,1114,student,parking,-2
692,1116,student,parking,-1
693,1117,student,parking,1
694,1118,student,parking,-1
695,1120,student,parking,-1
696,1121,wimi,parking,-2
697,1122,student,parking,0
698,1123,student,parking,-1
699,1124,student,parking,no_opinion
700,1125,student,parking,-1
701,1127,student,parking,-1
702,1128,student,parking,1
703,1129,student,parking,-1
704,1130,wimi,parking,no_opinion
705,1131,student,parking,0
706,1132,student,parking,-1
707,1133,other,parking,0
708,1134,student,parking,no_opinion
709,1135,student,parking,-1
710,1136,wimi,parking,-1
711,1137,student,parking,no_opinion
712,1138,prof,parking,no_opinion
713,1139,wimi,parking,0
714,1140,other,parking,0
715,1141,student,parking,-1
716,1142,niwi,parking,no_answer
717,1143,student,parking,-1
718,1144,wimi,parking,-1
719,1145,wimi,parking,-1
720,1146,student,parking,no_answer
721,1147,student,parking,-1
722,1148,niwi,parking,-2
723,1149,wimi,parking,0
724,1150,niwi,parking,1
725,1151,student,parking,1
726,1152,student,parking,no_opinion
727,1153,wimi,parking,no_opinion
728,1154,student,parking,1
729,1155,wimi,parking,no_opinion
730,1156,wimi,parking,-1
731,1157,wimi,parking,-2
732,1158,student,parking,1
733,1159,student,parking,-2
734,1161,student,parking,0
735,1162,student,parking,1
736,1163,wimi,parking,no_opinion
737,1164,student,parking,no_opinion
738,1165,niwi,parking,-1
739,1166,student,parking,no_opinion
740,1167,student,parking,2
741,1168,student,parking,-1
742,1169,prof,parking,-2
743,1170,student,parking,1
744,1171,niwi,parking,no_opinion
745,1172,prof,parking,-2
746,1173,student,parking,0
747,1174,student,parking,no_opinion
748,1175,student,parking,no_opinion
749,1180,student,parking,no_opinion
750,1181,student,parking,-1
751,1182,student,parking,-1
752,1183,student,parking,no_opinion
753,1184,niwi,parking,no_answer
754,1185,niwi,parking,-2
755,1186,student,parking,2
756,1189,prof,parking,no_opinion
757,1191,student,parking,2
758,1193,student,parking,2
759,1194,student,parking,2
760,1196,student,parking,0
761,1198,student,parking,-1
762,1199,student,parking,-2
763,1201,wimi,parking,-1
764,1203,student,parking,2
765,1207,student,parking,no_opinion
766,1208,student,parking,-1
767,1209,niwi,parking,-1
768,1210,student,parking,1
769,1212,student,parking,-1
770,1213,wimi,parking,2
771,1215,prof,parking,-2
772,1216,prof,parking,0
773,1217,other,parking,-1
774,1218,wimi,parking,-2
775,1219,prof,parking,no_opinion
776,1220,student,parking,-1
777,1221,student,parking,0
778,1222,student,parking,1
779,1223,wimi,parking,no_opinion
780,1224,wimi,parking,no_opinion
781,1225,student,parking,-1
782,1226,niwi,parking,2
783,1230,student,parking,-2
784,1232,prof,parking,0
785,1233,wimi,parking,1
786,1234,student,parking,0
787,1235,wimi,parking,no_opinion
788,1236,student,parking,-1
789,1238,student,parking,no_opinion
790,1239,wimi,parking,2
791,1240,niwi,parking,0
792,1242,student,parking,0
793,1243,student,parking,-1
794,1244,wimi,parking,no_opinion
795,1245,student,parking,0
796,1246,prof,parking,-2
797,1247,student,parking,-1
798,1248,student,parking,0
799,1249,niwi,parking,no_opinion
800,1250,niwi,parking,1
801,1251,student,parking,-1
802,1252,student,parking,-1
803,1253,student,parking,0
804,1254,student,parking,no_opinion
805,1257,prof,parking,no_opinion
806,1258,wimi,parking,2
807,1259,student,parking,-1
808,1260,student,parking,1
809,1261,wimi,parking,-1
810,1262,student,parking,0
811,1263,student,parking,0
812,1264,student,parking,2
813,1265,student,parking,-1
814,1266,student,parking,2
815,1267,student,parking,-1
816,1268,student,parking,1
817,1269,wimi,parking,no_opinion
818,1270,student,parking,-1
819,1271,student,parking,no_opinion
820,1274,student,parking,1
821,1275,student,parking,no_opinion
822,1276,student,parking,1
823,1277,student,parking,-1
824,1279,niwi,parking,0
825,1280,student,parking,0
826,1283,wimi,parking,1
827,1284,niwi,parking,0
828,1285,wimi,parking,2
829,1286,student,parking,no_opinion
830,1287,student,parking,1
831,1288,student,parking,no_opinion
832,1289,student,parking,-2
833,1291,niwi,parking,-2
834,1292,student,parking,-1
835,1293,student,parking,no_opinion
836,1295,prof,parking,-2
837,1296,student,parking,2
838,1297,student,parking,2
839,1298,other,parking,0
840,1300,student,parking,no_opinion
841,1301,student,parking,2
842,1304,niwi,parking,1
843,1305,prof,parking,-1
844,1306,niwi,parking,no_opinion
845,1308,niwi,parking,-2
846,1309,student,parking,no_opinion
847,1311,student,parking,0
848,1312,student,parking,no_opinion
849,1313,student,parking,1
850,1314,student,parking,0
851,1315,niwi,parking,1
852,1316,student,parking,-1
853,1317,student,parking,2
854,1318,student,parking,-1
855,1319,niwi,parking,-1
856,1320,student,parking,0
857,1321,student,parking,2
858,1322,student,parking,1
859,1323,wimi,parking,0
860,1324,wimi,parking,2
861,1325,wimi,parking,-2
862,1326,student,parking,-2
863,1328,student,parking,-1
864,1329,student,parking,0
865,1330,student,parking,no_opinion
866,1332,student,parking,-1
867,1333,student,parking,-2
868,1334,student,parking,1
869,1335,student,parking,1
870,1336,niwi,parking,no_opinion
871,1337,prof,parking,no_opinion
872,1338,wimi,parking,no_opinion
873,1339,other,parking,-2
874,1340,student,parking,no_opinion
875,1341,niwi,parking,no_opinion
876,1342,student,parking,-2
877,1345,student,parking,-1
878,1346,student,parking,no_opinion
879,1347,student,parking,no_opinion
880,1349,prof,parking,2
881,1350,student,parking,-1
882,1351,student,parking,no_opinion
883,1352,student,parking,no_opinion
884,1353,other,parking,1
885,1354,niwi,parking,-1
886,1356,prof,parking,-1
887,1357,student,parking,-1
888,1359,student,parking,no_opinion
889,1361,student,parking,-1
890,1362,student,parking,-2
891,1363,student,parking,2
892,1364,prof,parking,-2
893,1365,niwi,parking,-1
894,1367,student,parking,0
895,1370,student,parking,-1
896,1373,other,parking,0
897,1375,student,parking,-1
898,1376,student,parking,-2
899,1377,niwi,parking,2
900,1379,wimi,parking,1
901,1380,student,parking,no_opinion
902,1381,student,parking,0
903,1382,student,parking,2
904,1383,student,parking,-2
905,1384,niwi,parking,1
906,1385,student,parking,-1
907,1386,niwi,parking,-1
908,1387,student,parking,-1
909,1388,student,parking,-1
910,1389,student,parking,-1
911,1390,wimi,parking,no_opinion
912,1392,student,parking,no_opinion
913,1394,student,parking,no_opinion
914,1395,student,parking,no_opinion
915,1396,niwi,parking,-2
916,1397,wimi,parking,1
917,1398,student,parking,no_opinion
918,1399,student,parking,-1
919,1400,other,parking,-2
920,1401,student,parking,no_opinion
921,1402,student,parking,-1
922,1403,niwi,parking,1
923,1406,student,parking,no_opinion
924,1407,student,parking,no_opinion
925,1408,prof,parking,no_opinion
926,1409,prof,parking,-2
927,1410,student,parking,1
928,1412,student,parking,-1
929,1413,student,parking,no_opinion
930,1416,niwi,parking,-1
931,1417,student,parking,0
932,1418,wimi,parking,no_opinion
933,1420,student,parking,no_opinion
934,1424,student,parking,-1
935,1425,niwi,parking,2
936,1426,wimi,parking,-2
937,1427,student,parking,0
938,1429,wimi,parking,0
939,1430,wimi,parking,-1
940,1431,prof,parking,-2
941,1432,student,parking,-1
942,1434,student,parking,0
943,1435,other,parking,0
944,1436,student,parking,no_opinion
945,1438,student,parking,1
946,1439,student,parking,0
947,1440,wimi,parking,-1
948,1441,student,parking,1
949,1442,student,parking,-2
950,1444,student,parking,no_opinion
951,1445,wimi,parking,1
952,1446,niwi,parking,1
953,1447,wimi,parking,-1
954,1448,niwi,parking,-1
955,1450,wimi,parking,1
956,1453,student,parking,no_opinion
957,1454,student,parking,no_opinion
958,1455,wimi,parking,-1
959,1456,student,parking,-2
960,1457,student,parking,-2
961,1459,wimi,parking,-1
962,1460,wimi,parking,-2
963,1461,prof,parking,-1
964,1462,student,parking,no_opinion
965,1463,student,parking,1
966,1465,student,parking,no_opinion
967,1466,niwi,parking,no_opinion
968,1467,student,parking,no_opinion
969,1470,student,parking,-1
970,1471,wimi,parking,-1
971,1472,student,parking,-2
972,1473,student,parking,no_opinion
973,1474,student,parking,1
974,1475,student,parking,1
975,1478,student,parking,-2
976,1481,student,parking,no_opinion
977,1483,prof,parking,-2
978,1484,other,parking,-1
979,1485,wimi,parking,-2
980,1486,student,parking,-1
981,1487,student,parking,0
982,1488,wimi,parking,-2
983,1490,student,parking,1
984,1491,niwi,parking,-1
985,1492,wimi,parking,-1
986,1493,student,parking,-1
987,1494,student,parking,0
988,1496,student,parking,-1
989,1497,student,parking,no_opinion
990,1498,student,parking,0
991,1499,student,parking,1
992,1500,student,parking,0
993,1501,student,parking,-2
994,1502,student,parking,-1
995,1503,student,parking,0
996,1504,wimi,parking,0
997,1505,niwi,parking,-1
998,1506,niwi,parking,0
999,1507,student,parking,-1
1000,1508,prof,parking,-2
1001,1511,student,parking,2
1002,1512,other,parking,-2
1003,1513,student,parking,0
1004,1516,niwi,parking,-2
1005,1517,wimi,parking,1
1006,1518,wimi,parking,no_opinion
1007,1519,student,parking,-2
1008,1520,student,parking,no_opinion
1009,1521,niwi,parking,-1
1010,1522,student,parking,-2
1011,1523,student,parking,-1
1012,1524,prof,parking,no_opinion
1013,1525,prof,parking,no_opinion
1014,1526,student,parking,-1
1015,1527,wimi,parking,1
1016,1528,wimi,parking,no_opinion
1017,1529,niwi,parking,-2
1018,1530,prof,parking,-1
1019,1531,prof,parking,no_opinion
1020,1532,niwi,parking,0
1021,1533,prof,parking,1
1022,1534,prof,parking,-2
1023,1535,prof,parking,-1
1024,1536,student,parking,-1
1025,1537,student,parking,-1
1026,1538,student,parking,-2
1027,1539,wimi,parking,0
1028,1540,student,parking,-1
1029,1541,student,parking,-1
1030,1542,other,parking,2
1031,1543,student,parking,-1
1032,1544,student,parking,no_opinion
1033,1545,wimi,parking,-2
1034,1547,student,parking,-1
1035,1550,student,parking,0
1036,1551,student,parking,2
1037,1552,student,parking,no_opinion
1038,1553,student,parking,no_opinion
1039,1555,student,parking,0
1040,1556,student,parking,no_opinion
1041,1557,student,parking,2
1042,1558,student,parking,1
1043,1559,student,parking,1
1044,1560,student,parking,-1
1045,1561,student,parking,no_answer
1046,1562,wimi,parking,no_opinion
1047,1564,student,parking,-1
1048,1565,student,parking,no_opinion
1049,1566,wimi,parking,no_opinion
1050,1567,prof,parking,0
1051,1568,prof,parking,0
1052,1572,niwi,parking,2
1053,1573,student,parking,no_opinion
1054,1574,prof,parking,1
1055,1575,student,parking,2
1056,1576,student,parking,1
1057,1577,student,parking,-1
1058,1578,student,parking,no_opinion
1059,1579,wimi,parking,1
1060,1580,student,parking,1
1061,1581,wimi,parking,0
1062,1583,student,parking,no_opinion
1063,1584,student,parking,-2
1064,1585,student,parking,2
1065,1586,niwi,parking,-1
1066,1588,prof,parking,-1
1067,1589,prof,parking,no_opinion
1068,1590,student,parking,0
1069,1592,student,parking,no_opinion
1070,1593,wimi,parking,-2
1071,1594,student,parking,no_opinion
1072,1595,student,parking,no_opinion
1073,1597,student,parking,1
1074,1598,student,parking,no_opinion
1075,1599,student,parking,1
1076,1600,niwi,parking,-2
1077,1601,student,parking,no_opinion
1078,1602,student,parking,no_opinion
1079,1603,niwi,parking,1
1080,1604,wimi,parking,-2
1081,1605,student,parking,no_opinion
1082,1606,niwi,parking,-2
1083,1607,student,parking,no_opinion
1084,1608,student,parking,no_opinion
1085,1609,niwi,parking,-1
1086,1610,student,parking,0
1087,1611,student,parking,0
1088,1614,student,parking,no_opinion
1089,1615,student,parking,no_opinion
1090,1616,wimi,parking,1
1091,1617,student,parking,-1
1092,1619,student,parking,-1
1093,1621,student,parking,-1
1094,1625,student,parking,1
1095,1626,student,parking,-2
1096,1627,student,parking,0
1097,1628,student,parking,-1
1098,1629,student,parking,2
1099,1630,niwi,parking,no_opinion
1100,1631,wimi,parking,-2
1101,1632,student,parking,1
1102,1633,student,parking,-1
1103,1634,student,parking,-1
1104,1636,student,parking,-1
1105,1638,student,parking,0
1106,1639,student,parking,0
1107,1644,student,parking,2
1108,1645,niwi,parking,no_opinion
1109,1646,student,parking,no_opinion
1110,1647,niwi,parking,-2
1111,1648,prof,parking,2
1112,1649,wimi,parking,1
1113,1650,student,parking,0
1114,1651,student,parking,no_opinion
1115,1654,student,parking,no_opinion
1116,1655,student,parking,0
1117,1656,niwi,parking,0
1118,1657,prof,parking,no_opinion
1119,1659,student,parking,no_opinion
1120,1660,student,parking,0
1121,1661,niwi,parking,-1
1122,1663,student,parking,no_opinion
1123,1664,wimi,parking,-1
1124,1666,student,parking,-2
1125,1667,student,parking,-2
1126,1668,student,parking,0
1127,1669,student,parking,1
1128,1670,student,parking,-2
1129,1671,student,parking,1
1130,1672,student,parking,1
1131,1673,wimi,parking,-2
1132,1674,student,parking,no_opinion
1133,1675,student,parking,no_opinion
1134,1676,student,parking,1
1135,1679,student,parking,-2
1136,1680,student,parking,1
1137,1681,student,parking,0
1138,1682,student,parking,1
1139,1684,niwi,parking,-1
1140,1685,student,parking,-1
1141,1687,student,parking,no_opinion
1142,1688,student,parking,-2
1143,1689,prof,parking,no_opinion
1144,1690,student,parking,no_opinion
1145,1693,wimi,parking,2
1146,1694,student,parking,no_opinion
1147,1695,student,parking,-1
1148,1697,student,parking,1
1149,1698,student,parking,1
1150,1699,student,parking,no_opinion
1151,1700,student,parking,no_opinion
1152,1701,niwi,parking,-2
1153,1702,wimi,parking,0
1154,1703,wimi,parking,0
1155,1704,student,parking,-1
1156,1705,student,parking,1
1157,1708,student,parking,-1
1158,1713,student,parking,no_opinion
1159,1714,prof,parking,2
1160,1715,wimi,parking,no_opinion
1161,1716,wimi,parking,1
1162,1717,student,parking,-1
1163,1718,student,parking,-1
1164,1720,student,parking,2
1165,1722,student,parking,-1
1166,1723,student,parking,0
1167,1724,student,parking,2
1168,1725,niwi,parking,no_opinion
1169,1727,student,parking,-1
1170,1728,student,parking,no_opinion
1171,1729,wimi,parking,-1
1172,1730,student,parking,no_opinion
1173,1732,student,parking,-1
1174,1733,student,parking,-1
1175,1734,student,parking,-2
1176,1735,student,parking,-1
1177,1737,other,parking,no_opinion
1178,1739,wimi,parking,no_opinion
1179,1740,niwi,parking,1
1180,1742,wimi,parking,2
1181,1744,niwi,parking,no_opinion
1182,1745,student,parking,-1
1183,1746,niwi,parking,no_opinion
1184,1748,niwi,parking,-1
1185,1749,student,parking,no_opinion
1186,1750,student,parking,no_opinion
1187,1751,student,parking,0
1188,1752,student,parking,0
1189,1753,student,parking,no_opinion
1190,1754,prof,parking,no_opinion
1191,1755,student,parking,2
1192,1756,student,parking,no_opinion
1193,1757,student,parking,1
1194,1758,student,parking,no_opinion
1195,1759,student,parking,no_opinion
1196,1760,wimi,parking,2
1197,1761,student,parking,no_opinion
1198,1762,wimi,parking,2
1199,1764,student,parking,-1
1200,1765,student,parking,0
1201,1766,student,parking,no_opinion
1202,1767,student,parking,-2
1203,1768,student,parking,-1
1204,1772,student,parking,0
1205,1773,student,parking,no_opinion
1206,1774,student,parking,0
1207,1775,student,parking,0
1208,1776,prof,parking,no_opinion
1209,1777,student,parking,-2
1210,1780,student,parking,2
1211,1781,student,parking,-1
1212,1782,student,parking,-1
1213,1784,prof,parking,-1
1214,1785,student,parking,no_opinion
1215,1786,student,parking,-1
1216,1787,student,parking,1
1217,1788,student,parking,no_opinion
1218,1790,student,parking,-2
1219,1791,student,parking,-1
1220,1792,prof,parking,2
1221,1793,wimi,parking,no_opinion
1222,1794,student,parking,0
1223,1795,student,parking,0
1224,1796,student,parking,no_opinion
1225,1798,student,parking,no_opinion
1226,1800,student,parking,0
1227,1802,student,parking,1
1228,1803,student,parking,1
1229,1804,student,parking,1
1230,1805,student,parking,-2
1231,1807,student,parking,no_opinion
1232,1808,student,parking,2
1233,1809,student,parking,no_opinion
1234,1810,wimi,parking,no_opinion
1235,1812,student,parking,1
1236,1813,student,parking,no_opinion
1237,1814,prof,parking,2
1238,1817,student,parking,-1
1239,1820,prof,parking,1
1240,1821,student,parking,no_opinion
1241,1822,student,parking,no_opinion
1242,1823,student,parking,0
1243,1824,prof,parking,1
1244,1825,niwi,parking,no_opinion
1245,1826,student,parking,-1
1246,1827,student,parking,0
1247,1828,student,parking,no_answer
1248,1832,student,parking,-1
1249,1833,student,parking,1
1250,1834,student,parking,-1
1251,1835,student,parking,1
1252,1837,student,parking,1
1253,1838,student,parking,-2
1254,1839,student,parking,no_opinion
1255,1841,wimi,parking,-2
1256,1843,student,parking,0
1257,1845,niwi,parking,-2
1258,1846,student,parking,-2
1259,1847,wimi,parking,-1
1260,1848,student,parking,-1
1261,1849,student,parking,0
1262,1850,wimi,parking,no_opinion
1263,1851,wimi,parking,2
1264,1853,student,parking,no_opinion
1265,1854,student,parking,0
1266,1855,student,parking,0
1267,1856,student,parking,no_opinion
1268,1857,niwi,parking,2
1269,1858,student,parking,no_opinion
1270,1859,student,parking,no_opinion
1271,1860,student,parking,-1
1272,1862,student,parking,no_opinion
1273,1863,prof,parking,0
1274,1865,student,parking,-1
1275,1867,student,parking,1
1276,1869,student,parking,0
1277,1870,student,parking,-2
1278,1871,student,parking,0
1279,1872,wimi,parking,0
1280,1873,niwi,parking,-1
1281,1874,student,parking,-2
1282,1875,prof,parking,no_opinion
1283,1876,other,parking,-2
1284,1878,student,parking,no_opinion
1285,1880,student,parking,-2
1286,1881,student,parking,-1
1287,1883,student,parking,0
1288,1884,wimi,parking,-1
1289,1885,student,parking,-1
1290,1886,student,parking,0
1291,1888,student,parking,1
1292,1889,student,parking,1
1293,1890,wimi,parking,-1
1294,1891,student,parking,0
1295,1892,wimi,parking,-2
1296,1893,student,parking,no_opinion
1297,1895,student,parking,-2
1298,1896,niwi,parking,-2
1299,1897,student,parking,no_opinion
1300,1898,student,parking,2
1301,1900,student,parking,-1
1302,1901,prof,parking,no_opinion
1303,1902,student,parking,no_opinion
1304,1903,student,parking,2
1305,1904,student,parking,-1
1306,1905,wimi,parking,no_opinion
1307,1906,student,parking,0
1308,1907,student,parking,1
1309,1908,student,parking,0
1310,1909,student,parking,-2
1311,1910,student,parking,2
1312,1913,wimi,parking,1
1313,1914,student,parking,-1
1314,1916,student,parking,no_opinion
1315,1918,other,parking,0
1316,1919,prof,parking,-2
1317,1920,wimi,parking,-1
1318,1921,student,parking,-1
1319,1922,student,parking,0
1320,1923,student,parking,no_opinion
1321,1924,student,parking,-1
1322,1926,student,parking,-1
1323,1927,student,parking,0
1324,1928,niwi,parking,0
1325,1931,student,parking,-1
1326,1932,student,parking,no_opinion
1327,1934,wimi,parking,no_opinion
1328,1935,student,parking,0
1329,1936,student,parking,-1
1330,1937,student,parking,-1
1331,1938,student,parking,0
1332,1939,student,parking,no_opinion
1333,1941,student,parking,0
1334,1943,student,parking,-1
1335,1944,student,parking,no_opinion
1336,1945,student,parking,no_opinion
1337,1946,other,parking,-1
1338,1949,student,parking,-1
1339,1950,student,parking,1
1340,1951,student,parking,0
1341,1952,prof,parking,-2
1342,1954,student,parking,no_opinion
1343,1957,student,parking,-1
1344,1958,student,parking,no_opinion
1345,1960,student,parking,no_opinion
1346,1961,student,parking,no_opinion
1347,1962,student,parking,0
1348,1966,student,parking,1
1349,1967,student,parking,no_opinion
1350,1968,student,parking,no_opinion
1351,1969,student,parking,no_opinion
1352,1970,prof,parking,-2
1353,1971,student,parking,0
1354,1972,student,parking,-2
1355,1973,student,parking,no_opinion
1356,1975,student,parking,no_opinion
1357,1976,student,parking,-1
1358,1977,niwi,parking,-2
1359,1978,student,parking,0
1360,1980,other,parking,2
1361,1981,student,parking,0
1362,1982,wimi,parking,-1
1363,1983,student,parking,-1
1364,1984,student,parking,no_opinion
1365,1986,student,parking,no_opinion
1366,1987,wimi,parking,1
1367,1989,student,parking,0
1368,1991,niwi,parking,-2
1369,1992,wimi,parking,1
1370,1994,student,parking,no_opinion
1371,1995,student,parking,-1
1372,1997,student,parking,-1
1373,1998,student,parking,0
1374,2000,student,parking,1
1375,2001,prof,parking,no_opinion
1376,2002,student,parking,-2
1377,2003,student,parking,-2
1378,2004,wimi,parking,no_opinion
1379,2005,wimi,parking,-2
1380,2006,student,parking,-1
1381,2007,other,parking,no_opinion
1382,2008,student,parking,0
1383,2009,wimi,parking,1
1384,2010,student,parking,no_opinion
1385,2011,student,parking,no_opinion
1386,2012,student,parking,-1
1387,2013,student,parking,-1
1388,2014,niwi,parking,1
1389,2015,student,parking,no_opinion
1390,2018,student,parking,-1
1391,2020,prof,parking,-1
1392,2021,student,parking,-1
1393,2022,student,parking,0
1394,2023,student,parking,0
1395,2024,student,parking,1
1396,2026,niwi,parking,0
1397,2029,student,parking,no_opinion
1398,2030,student,parking,-1
1399,2031,student,parking,no_opinion
1400,2033,prof,parking,0
1401,2034,student,parking,-1
1402,2035,student,parking,no_opinion
1403,2036,student,parking,-1
1404,2037,student,parking,no_opinion
1405,2040,student,parking,-1
1406,2041,student,parking,2
1407,2042,other,parking,no_opinion
1408,2043,student,parking,-1
1409,2044,student,parking,0
1410,2045,student,parking,no_opinion
1411,2047,student,parking,0
1412,2048,student,parking,-2
1413,2049,student,parking,no_opinion
1414,2050,student,parking,0
1415,2055,student,parking,no_opinion
1416,2056,student,parking,1
1417,2057,student,parking,0
1418,2058,wimi,parking,1
1419,2059,student,parking,no_opinion
1420,2060,student,parking,no_opinion
1421,2061,student,parking,-2
1422,2062,student,parking,0
1423,2064,student,parking,2
1424,2065,wimi,parking,-1
1425,2066,student,parking,-1
1426,2067,student,parking,1
1427,2068,student,parking,no_opinion
1428,2069,wimi,parking,no_opinion
1429,2070,student,parking,no_opinion
1430,2071,student,parking,0
1431,2072,student,parking,0
1432,2073,student,parking,-2
1433,2074,student,parking,-2
1434,2075,student,parking,-1
1435,2076,student,parking,-1
1436,2077,student,parking,-1
1437,2079,student,parking,-2
1438,2080,student,parking,-1
1439,2081,student,parking,no_opinion
1440,2082,other,parking,no_opinion
1441,2083,student,parking,-1
1442,2084,student,parking,-1
1443,2085,student,parking,0
1444,2086,student,parking,0
1445,2087,student,parking,no_opinion
1446,2089,wimi,parking,-2
1447,2090,niwi,parking,1
1448,2091,student,parking,-1
1449,2092,student,parking,-2
1450,2093,student,parking,-2
1451,2094,prof,parking,no_opinion
1452,2095,student,parking,-1
1453,2096,student,parking,1
1454,2097,student,parking,no_opinion
1455,2098,student,parking,2
1456,2099,student,parking,-2
1457,2100,student,parking,no_opinion
1458,2103,student,parking,0
1459,2104,student,parking,-2
1460,2105,student,parking,0
1461,2106,student,parking,0
1462,2107,student,parking,no_opinion
1463,2108,student,parking,0
1464,2109,student,parking,no_opinion
1465,2110,student,parking,0
1466,2111,student,parking,-1
1467,2112,student,parking,no_opinion
1468,2113,student,parking,0
1469,2114,student,parking,no_opinion
1470,2115,student,parking,0
1471,2117,prof,parking,no_opinion
1472,2118,student,parking,-1
1473,2122,student,parking,-2
1474,2123,prof,parking,-1
1475,2124,student,parking,-1
1476,2125,student,parking,no_opinion
1477,2126,student,parking,no_opinion
1478,2127,student,parking,0
1479,2128,student,parking,no_opinion
1480,2129,student,parking,no_opinion
1481,2130,student,parking,no_opinion
1482,2132,student,parking,0
1483,2133,student,parking,-1
1484,2134,student,parking,no_opinion
1485,2136,student,parking,0
1486,2137,student,parking,1
1487,2138,student,parking,0
1488,2139,student,parking,1
1489,2140,student,parking,-1
1490,2141,student,parking,0
1491,2142,student,parking,-2
1492,2145,student,parking,0
1493,2146,prof,parking,1
1494,2148,student,parking,-1
1495,2149,student,parking,-2
1496,2150,student,parking,-2
1497,2153,student,parking,-1
1498,2154,student,parking,-1
1499,2157,student,parking,no_opinion
1500,2159,student,parking,-1
1501,2160,student,parking,-1
1502,2161,student,parking,no_opinion
1503,2163,student,parking,no_opinion
1504,2164,student,parking,-1
1505,2165,student,parking,no_opinion
1506,2166,student,parking,2
1507,2168,prof,parking,-2
1508,2169,wimi,parking,no_opinion
1509,2171,student,parking,0
1510,2172,student,parking,-2
1511,2174,other,parking,0
1512,2175,student,parking,1
1513,2176,student,parking,no_opinion
1514,2177,other,parking,0
1515,2180,student,parking,no_opinion
1516,2181,wimi,parking,-1
1517,2183,student,parking,no_opinion
1518,2184,student,parking,2
1519,2185,student,parking,-2
1520,2186,student,parking,no_opinion
1521,2187,student,parking,no_opinion
1522,2188,student,parking,no_opinion
1523,2189,student,parking,-1
1524,2192,student,parking,no_opinion
1525,2193,student,parking,-1
1526,2194,student,parking,no_opinion
1527,2195,student,parking,-1
1528,2196,student,parking,no_opinion
1529,2197,student,parking,2
1530,2198,student,parking,-1
1531,2200,student,parking,1
1532,2203,student,parking,0
1533,2204,student,parking,-2
1534,2205,student,parking,no_opinion
1535,2206,student,parking,-2
1536,2208,student,parking,2
1537,2209,niwi,parking,-1
1538,2210,niwi,parking,-1
1539,2212,other,parking,no_opinion
1540,2213,prof,parking,-2
1541,2214,student,parking,2
1542,2219,wimi,parking,1
1543,2221,student,parking,-2
1544,2222,student,parking,2
1545,2223,student,parking,1
1546,2224,student,parking,no_opinion
1547,2225,student,parking,no_opinion
1548,2227,student,parking,2
1549,2228,student,parking,0
1550,2229,student,parking,-1
1551,2231,student,parking,-2
1552,2232,student,parking,1
1553,2234,student,parking,-2
1554,2235,student,parking,no_opinion
1555,2236,student,parking,0
1556,2238,student,parking,2
1557,2240,student,parking,no_opinion
1558,2241,prof,parking,1
1559,2242,student,parking,2
1560,2243,student,parking,0
1561,2244,student,parking,-2
1562,2245,student,parking,-2
1563,2246,student,parking,1
1564,2247,wimi,parking,-1
1565,2248,student,parking,0
1566,2249,student,parking,0
1567,2251,wimi,parking,no_opinion
1568,2252,student,parking,0
1569,2254,student,parking,-2
1570,2255,student,parking,no_opinion
1571,2258,student,parking,no_opinion
1572,2260,student,parking,1
1573,2261,student,parking,0
1574,2262,student,parking,1
1575,2266,student,parking,no_opinion
1576,2267,student,parking,0
1577,2268,prof,parking,0
1578,2269,student,parking,no_opinion
1579,2270,student,parking,0
1580,2272,student,parking,0
1581,2275,student,parking,-1
1582,2276,student,parking,no_opinion
1583,2277,student,parking,no_opinion
1584,2278,student,parking,2
1585,2279,student,parking,-1
1586,2281,student,parking,no_opinion
1587,2282,student,parking,no_opinion
1588,2283,student,parking,no_opinion
1589,2284,prof,parking,1
1590,2285,student,parking,-1
1591,2286,student,parking,-1
1592,2287,wimi,parking,0
1593,2288,student,parking,0
1594,2290,student,parking,-2
1595,2291,student,parking,no_opinion
1596,2293,student,parking,-2
1597,2294,student,parking,-1
1598,2296,student,parking,no_opinion
1599,2298,student,parking,no_opinion
1600,2299,student,parking,1
1601,2300,other,parking,no_opinion
1602,2301,niwi,parking,0
1603,2302,student,parking,no_opinion
1604,2306,student,parking,no_opinion
1605,2307,student,parking,-1
1606,2310,niwi,parking,-2
1607,2311,other,parking,-2
1608,2312,wimi,parking,0
1609,2313,niwi,parking,1
1610,2314,niwi,parking,-2
1611,2316,niwi,parking,no_opinion
1612,2317,niwi,parking,-1
1613,2318,niwi,parking,-1
1614,2320,niwi,parking,0
1615,2321,student,parking,2
1616,2322,niwi,parking,-1
1617,2323,student,parking,-1
1618,2325,niwi,parking,-1
1619,2326,niwi,parking,-1
1620,2328,niwi,parking,-2
1621,2330,niwi,parking,-1
1622,2331,niwi,parking,1
1623,2333,niwi,parking,-2
1624,2334,niwi,parking,-1
1625,2336,niwi,parking,-1
1626,2338,niwi,parking,0
1627,2339,student,parking,no_opinion
1628,2340,niwi,parking,-2
1629,2343,niwi,parking,-1
1630,2344,niwi,parking,-1
1631,2345,student,parking,-1
1632,2346,wimi,parking,-2
1633,2347,niwi,parking,no_opinion
1634,2348,niwi,parking,-2
1635,2350,niwi,parking,2
1636,2351,student,parking,no_opinion
1637,2354,student,parking,no_opinion
1638,2355,niwi,parking,2
1639,2356,student,parking,no_opinion
1640,2357,student,parking,no_opinion
1641,2358,student,parking,-1
1642,2359,niwi,parking,0
1643,2360,niwi,parking,-2
1644,2361,niwi,parking,2
1645,2362,niwi,parking,0
1646,2363,niwi,parking,-1
1647,2364,student,parking,-1
1648,2365,niwi,parking,-1
1649,2366,niwi,parking,no_opinion
1650,2367,niwi,parking,1
1651,2368,other,parking,0
1652,2369,other,parking,2
1653,2371,niwi,parking,-1
1654,2372,niwi,parking,-2
1655,2374,niwi,parking,-2
1656,2375,niwi,parking,-2
1657,2377,niwi,parking,1
1658,2378,wimi,parking,2
1659,2379,other,parking,-2
1660,2380,niwi,parking,-1
1661,2382,niwi,parking,-1
1662,2383,student,parking,-2
1663,2384,prof,parking,-2
1664,2385,student,parking,-1
1665,2386,niwi,parking,-2
1666,2387,student,parking,-2
1667,2388,student,parking,-1
1668,2389,niwi,parking,-2
1669,2390,niwi,parking,-1
1670,2391,student,parking,-1
1671,2392,wimi,parking,-1
1672,2393,student,parking,no_opinion
1673,2394,student,parking,2
1674,2398,student,parking,-1
1675,2399,student,parking,-1
1676,2400,student,parking,0
1677,2401,niwi,parking,-1
1678,2404,wimi,parking,-1
1679,2405,student,parking,0
1680,2407,student,parking,no_opinion
1681,2409,student,parking,-1
1682,2410,niwi,parking,-2
1683,2411,student,parking,no_opinion
1684,2412,student,parking,-2
1685,2413,student,parking,-1
1686,2414,student,parking,no_opinion
1687,2418,other,parking,no_opinion
1688,2419,student,parking,no_opinion
1689,2420,student,parking,no_opinion
1690,2422,niwi,parking,-1
1691,2423,prof,parking,-2
1692,2424,niwi,parking,0
1693,2425,student,parking,no_opinion
1694,2426,student,parking,2
1695,2427,niwi,parking,-1
1696,2429,niwi,parking,1
1697,2430,niwi,parking,-1
1698,2431,niwi,parking,-1
1699,2433,wimi,parking,1
1700,2434,student,parking,1
1701,2435,niwi,parking,-2
1702,2436,student,parking,1
1703,2437,niwi,parking,-2
1704,2440,student,parking,-1
1705,2441,niwi,parking,-1
1706,2442,student,parking,no_opinion
1707,2443,niwi,parking,-1
1708,2445,niwi,parking,0
1709,2446,other,parking,-1
1710,2447,student,parking,-2
1711,2448,niwi,parking,0
1712,2449,student,parking,-1
1713,2450,niwi,parking,2
1714,2451,niwi,parking,no_opinion
1715,2452,student,parking,no_opinion
1716,2453,niwi,parking,1
1717,2454,wimi,parking,0
1718,2457,niwi,parking,-1
1719,2458,niwi,parking,-2
1720,2459,wimi,parking,-1
1721,2460,niwi,parking,-1
1722,2461,student,parking,no_opinion
1723,2462,wimi,parking,1
1724,2463,niwi,parking,0
1725,2465,student,parking,no_opinion
1726,2466,niwi,parking,-1
1727,2467,student,parking,-1
1728,2470,student,parking,no_opinion
1729,2471,niwi,parking,-1
1730,2472,student,parking,-2
1731,2473,niwi,parking,0
1732,2474,student,parking,no_opinion
1733,2475,niwi,parking,2
1734,2476,student,parking,no_opinion
1735,2479,student,parking,no_opinion
1736,2480,student,parking,no_opinion
1737,2481,niwi,parking,-1
1738,2482,wimi,parking,0
1739,2483,niwi,parking,no_opinion
1740,2484,student,parking,1
1741,2485,student,parking,no_opinion
1742,2486,niwi,parking,no_opinion
1743,2487,student,parking,no_opinion
1744,2488,student,parking,1
1745,2489,wimi,parking,no_opinion
1746,2491,student,parking,2
1747,2492,student,parking,no_opinion
1748,2493,wimi,parking,0
1749,2494,student,parking,no_opinion
1750,2495,student,parking,0
1751,2497,student,parking,-2
1752,2499,wimi,parking,-2
1753,2500,student,parking,no_opinion
1754,2501,wimi,parking,no_opinion
1755,2502,student,parking,-1
1756,2504,student,parking,-1
1757,2505,student,parking,no_opinion
1758,2507,niwi,parking,-2
1759,2508,niwi,parking,-2
1760,2509,wimi,parking,no_opinion
1761,2510,student,parking,-1
1762,2511,student,parking,-2
1763,2515,niwi,parking,-2
1764,2517,niwi,parking,-1
1765,2519,niwi,parking,-1
1766,2520,niwi,parking,0
1767,2522,student,parking,-2
1768,2524,niwi,parking,no_opinion
1769,2525,niwi,parking,1
1770,2526,wimi,parking,-1
1771,2527,wimi,parking,no_opinion
1772,2529,student,parking,no_opinion
1773,2530,niwi,parking,1
1774,2532,student,parking,no_opinion
1775,2533,niwi,parking,-1
1776,2534,prof,parking,-2
1777,2535,student,parking,no_opinion
1778,2536,niwi,parking,1
1779,2537,student,parking,no_opinion
1780,2538,other,parking,no_opinion
1781,2539,student,parking,2
1782,2540,student,parking,0
1783,2542,niwi,parking,2
1784,2543,student,parking,1
1785,2544,niwi,parking,1
1786,2545,student,parking,-1
1787,2546,student,parking,0
1788,2547,student,parking,no_opinion
1789,2548,student,parking,2
1790,2549,prof,parking,no_opinion
1791,2550,student,parking,-1
1792,2551,niwi,parking,no_opinion
1793,2552,wimi,parking,2
1794,2553,student,parking,no_opinion
1795,2554,student,parking,0
1796,2556,wimi,parking,0
1797,2558,other,parking,-1
1798,2559,wimi,parking,0
1799,2560,student,parking,no_opinion
1800,2561,niwi,parking,0
1801,2562,student,parking,2
1802,2563,student,parking,-1
1803,2564,niwi,parking,-2
1804,2566,niwi,parking,-2
1805,2567,niwi,parking,no_opinion
1806,2569,student,parking,no_opinion
1807,2570,niwi,parking,0
1808,2571,student,parking,no_opinion
1809,2572,niwi,parking,no_opinion
1810,2574,student,parking,-1
1811,2577,student,parking,no_opinion
1812,2578,niwi,parking,0
1813,2579,niwi,parking,-1
1814,2580,student,parking,-1
1815,2581,wimi,parking,0
1816,2583,student,parking,0
1817,2584,student,parking,-2
1818,2585,niwi,parking,-2
1819,2586,niwi,parking,1
1820,2587,student,parking,-2
1821,2588,wimi,parking,no_opinion
1822,2590,wimi,parking,-2
1823,2591,wimi,parking,0
1824,2593,niwi,parking,2
1825,2594,student,parking,1
1826,2596,niwi,parking,2
1827,2597,wimi,parking,no_opinion
1828,2598,student,parking,no_opinion
1829,2599,wimi,parking,-1
1830,2600,niwi,parking,1
1831,2601,student,parking,0
1832,2602,wimi,parking,-2
1833,2604,student,parking,1
1834,2605,wimi,parking,-2
1835,2606,niwi,parking,-2
1836,2607,niwi,parking,0
1837,2608,niwi,parking,1
1838,2609,niwi,parking,-1
1839,2610,niwi,parking,-1
1840,2612,wimi,parking,-1
1841,2614,student,parking,1
1842,2618,niwi,parking,-1
1843,2619,niwi,parking,-2
1844,2620,student,parking,no_opinion
1845,2621,student,parking,-2
1846,2623,student,parking,0
1847,2624,student,parking,-1
1848,2625,student,parking,no_opinion
1849,2626,other,parking,-2
1850,2627,student,parking,no_opinion
1851,2628,student,parking,no_opinion
1852,2629,wimi,parking,0
1853,2630,student,parking,-1
1854,2631,student,parking,no_opinion
1855,2633,wimi,parking,0
1856,2634,wimi,parking,1
1857,2635,wimi,parking,-2
1858,2636,wimi,parking,-2
1859,2637,student,parking,-2
1860,2638,wimi,parking,no_opinion
1861,2639,student,parking,no_opinion
1862,2640,niwi,parking,2
1863,2641,prof,parking,no_answer
1864,2642,student,parking,no_opinion
1865,2643,student,parking,no_opinion
1866,2644,student,parking,no_opinion
1867,2645,wimi,parking,-1
1868,2647,student,parking,no_opinion
1869,2648,student,parking,0
1870,2649,student,parking,no_opinion
1871,2650,student,parking,1
1872,2651,student,parking,no_opinion
1873,2652,student,parking,-1
1874,2653,niwi,parking,no_opinion
1875,2654,student,parking,-1
1876,2655,niwi,parking,-2
1877,2657,student,parking,-1
1878,2659,student,parking,no_opinion
1879,2661,niwi,parking,-2
1880,2662,niwi,parking,-1
1881,2665,student,parking,1
1882,2666,student,parking,-1
1883,2667,student,parking,-1
1884,2669,student,parking,no_opinion
1885,2670,student,parking,-1
1886,2671,niwi,parking,-2
1887,2672,student,parking,2
1888,2673,student,parking,-1
1889,2674,niwi,parking,-1
1890,2675,student,parking,0
1891,2676,niwi,parking,0
1892,2678,student,parking,-1
1893,2680,niwi,parking,-1
1894,2681,niwi,parking,0
1895,2683,wimi,parking,no_opinion
1896,2684,niwi,parking,2
1897,2685,student,parking,0
1898,2686,student,parking,no_opinion
1899,2687,niwi,parking,no_opinion
1900,2688,student,parking,0
1901,2689,student,parking,no_opinion
1902,2690,student,parking,0
1903,2691,student,parking,1
1904,2692,student,parking,no_opinion
1905,2693,student,parking,1
1906,2694,wimi,parking,-2
1907,2695,student,parking,-1
1908,2696,student,parking,1
1909,2697,wimi,parking,-2
1910,2698,student,parking,no_opinion
1911,2700,student,parking,0
1912,2701,wimi,parking,-1
1913,2702,student,parking,no_opinion
1914,2703,prof,parking,-2
1915,2704,student,parking,-2
1916,2705,student,parking,no_opinion
1917,2706,niwi,parking,2
1918,2707,other,parking,1
1919,2709,student,parking,-1
1920,2710,student,parking,-1
1921,2711,wimi,parking,no_opinion
1922,2712,student,parking,0
1923,2713,student,parking,0
1924,2714,niwi,parking,-2
1925,2715,student,parking,1
1926,2716,student,parking,-2
1927,2717,student,parking,no_opinion
1928,2718,student,parking,-1
1929,2720,niwi,parking,0
1930,2721,wimi,parking,no_opinion
1931,2722,student,parking,no_opinion
1932,2723,niwi,parking,no_opinion
1933,2725,student,parking,no_opinion
1934,2726,student,parking,-1
1935,2727,niwi,parking,0
1936,2728,wimi,parking,0
1937,2729,student,parking,no_opinion
1938,2730,student,parking,1
1939,2731,prof,parking,-2
1940,2732,student,parking,-2
1941,2735,student,parking,0
1942,2736,student,parking,0
1943,2737,student,parking,2
1944,2738,student,parking,-2
1945,2739,student,parking,-1
1946,2740,student,parking,no_opinion
1947,2742,student,parking,-1
1948,2745,niwi,parking,0
1949,2746,student,parking,0
1950,2748,student,parking,-1
1951,2749,student,parking,no_opinion
1952,2751,wimi,parking,no_opinion
1953,2752,student,parking,-2
1954,2753,student,parking,no_opinion
1955,2754,student,parking,no_opinion
1956,2755,student,parking,no_opinion
1957,2756,student,parking,no_opinion
1958,2757,student,parking,no_opinion
1959,2759,student,parking,-1
1960,2760,student,parking,-1
1961,2761,student,parking,no_opinion
1962,2762,student,parking,-1
1963,2763,student,parking,1
1964,2764,student,parking,2
1965,2765,student,parking,no_opinion
1966,2766,niwi,parking,-1
1967,2767,student,parking,no_opinion
1968,2768,student,parking,0
1969,2771,student,parking,2
1970,2772,student,parking,-2
1971,2773,niwi,parking,0
1972,2774,student,parking,no_opinion
1973,2775,student,parking,no_opinion
1974,2776,wimi,parking,no_opinion
1975,2778,student,parking,-2
1976,2779,student,parking,0
1977,2780,student,parking,2
1978,2782,student,parking,1
1979,2783,student,parking,1
1980,2784,niwi,parking,-1
1981,2785,student,parking,-1
1982,2786,student,parking,0
1983,2787,niwi,parking,2
1984,2788,student,parking,0
1985,2789,niwi,parking,2
1986,2790,niwi,parking,-2
1987,2791,wimi,parking,no_opinion
1988,2792,niwi,parking,0
1989,2793,other,parking,-1
1990,2794,student,parking,-1
1991,2795,niwi,parking,-1
1992,2797,niwi,parking,2
1993,2798,niwi,parking,0
1994,2799,niwi,parking,-1
1995,2800,student,parking,-1
1996,2801,wimi,parking,0
1997,2803,wimi,parking,no_opinion
1998,2805,niwi,parking,-1
1999,2807,niwi,parking,-2
2000,2808,student,parking,no_opinion
2001,2809,student,parking,-1
2002,2810,student,parking,no_opinion
2003,2811,niwi,parking,2
2004,2812,other,parking,1
2005,2813,student,parking,no_opinion
2006,2815,student,parking,-2
2007,2816,student,parking,1
2008,2817,student,parking,1
2009,2820,student,parking,2
2010,2821,niwi,parking,1
2011,2822,niwi,parking,no_opinion
2012,2823,student,parking,-1
2013,2824,student,parking,1
2014,2825,wimi,parking,0
2015,2826,niwi,parking,-2
2016,2827,wimi,parking,-2
2017,2828,other,parking,no_opinion
2018,2829,niwi,parking,1
2019,2830,student,parking,no_opinion
2020,2831,niwi,parking,0
2021,2833,other,parking,-1
2022,2834,student,parking,-1
2023,2835,student,parking,2
2024,2836,niwi,parking,-1
2025,2837,student,parking,0
2026,2839,niwi,parking,1
2027,2840,student,parking,no_opinion
2028,2841,student,parking,-1
2029,2842,student,parking,no_opinion
2030,2844,student,parking,-1
2031,2845,prof,parking,-2
2032,2846,student,parking,no_opinion
2033,2847,student,parking,no_opinion
2034,2849,student,parking,no_opinion
2035,2851,student,parking,-2
2036,2852,student,parking,-1
2037,2854,student,parking,-1
2038,2855,other,parking,no_opinion
2039,2857,student,parking,-2
2040,2859,student,parking,-1
2041,2861,wimi,parking,no_opinion
2042,2862,student,parking,-1
2043,2863,niwi,parking,0
2044,2864,student,parking,no_opinion
2045,2865,student,parking,-2
2046,2866,student,parking,0
2047,2867,student,parking,2
2048,2868,student,parking,no_opinion
2049,2869,other,parking,no_answer
2050,2870,wimi,parking,2
2051,2872,student,parking,1
2052,2874,student,parking,-1
2053,2875,student,parking,2
2054,2876,wimi,parking,-2
2055,2878,student,parking,no_opinion
2056,2880,student,parking,-2
2057,2881,student,parking,-1
2058,2882,student,parking,0
2059,2885,wimi,parking,0
2060,2886,other,parking,0
2061,2888,niwi,parking,-2
2062,2891,student,parking,0
2063,2893,student,parking,0
2064,2894,student,parking,-1
2065,2895,niwi,parking,-2
2066,2898,student,parking,-1
2067,2899,student,parking,2
2068,2900,student,parking,-2
2069,2901,student,parking,no_opinion
2070,2902,niwi,parking,-2
2071,2903,wimi,parking,no_opinion
2072,2904,student,parking,-1
2073,2906,niwi,parking,no_opinion
2074,2907,student,parking,no_opinion
2075,2908,niwi,parking,1
2076,2909,student,parking,-1
2077,2910,student,parking,no_opinion
2078,2912,student,parking,0
2079,2913,student,parking,-1
2080,2914,student,parking,-1
2081,2915,niwi,parking,-1
2082,2916,student,parking,1
2083,2918,student,parking,-1
2084,2919,student,parking,-1
2085,2920,student,parking,0
2086,2921,wimi,parking,no_opinion
2087,2922,niwi,parking,2
2088,2923,student,parking,-1
2089,2924,wimi,parking,-2
2090,2925,student,parking,-1
2091,2926,student,parking,-1
2092,2927,prof,parking,no_opinion
2093,2928,wimi,parking,-1
2094,2929,student,parking,-2
2095,2932,niwi,parking,-2
2096,2933,wimi,parking,-1
2097,2934,student,parking,0
2098,2936,other,parking,-1
2099,2937,student,parking,-2
2100,2938,niwi,parking,-1
2101,2939,niwi,parking,-1
2102,2940,wimi,parking,-1
2103,2941,student,parking,-2
2104,2942,wimi,parking,2
2105,2944,niwi,parking,-2
2106,2948,prof,parking,no_opinion
2107,2949,student,parking,2
2108,2950,student,parking,-1
2109,2951,niwi,parking,-2
2110,2952,student,parking,1
2111,2953,student,parking,no_opinion
2112,2954,student,parking,1
2113,2955,student,parking,-1
2114,2956,student,parking,-1
2115,2957,student,parking,-1
2116,2961,wimi,parking,no_opinion
2117,2962,student,parking,0
2118,2963,student,parking,0
2119,2965,student,parking,-1
2120,2966,student,parking,0
2121,2967,student,parking,-2
2122,2968,niwi,parking,-2
2123,2969,niwi,parking,-2
2124,2970,student,parking,1
2125,2972,student,parking,-2
2126,2974,student,parking,1
2127,2975,student,parking,-1
2128,2976,student,parking,no_opinion
2129,2977,student,parking,1
2130,2978,student,parking,no_opinion
2131,2979,wimi,parking,no_opinion
2132,2980,niwi,parking,2
2133,2981,niwi,parking,1
2134,2982,student,parking,0
2135,2983,student,parking,1
2136,2985,prof,parking,1
2137,2987,wimi,parking,-2
2138,2988,other,parking,-1
2139,2989,student,parking,no_opinion
2140,2990,student,parking,-1
2141,2991,student,parking,-1
2142,2992,student,parking,-1
2143,2993,wimi,parking,1
2144,2994,student,parking,0
2145,2995,student,parking,no_opinion
2146,2998,student,parking,no_opinion
2147,2999,niwi,parking,-2
2148,3000,student,parking,0
2149,3003,student,parking,1
2150,3005,student,parking,-1
2151,3006,other,parking,2
2152,3008,student,parking,-2
2153,3009,student,parking,no_opinion
2154,3010,student,parking,1
2155,3011,niwi,parking,-2
2156,3012,student,parking,1
2157,3013,student,parking,no_answer
2158,3014,student,parking,0
2159,3015,wimi,parking,no_opinion
2160,3017,niwi,parking,-1
2161,3018,student,parking,1
2162,3019,student,parking,0
2163,3020,student,parking,-2
2164,3022,student,parking,no_opinion
2165,3023,student,parking,-1
2166,3024,student,parking,2
2167,3026,student,parking,-2
2168,3029,niwi,parking,2
2169,3030,student,parking,no_opinion
2170,3031,student,parking,2
2171,3033,student,parking,-1
2172,3035,student,parking,-1
2173,3036,student,parking,no_opinion
2174,3037,student,parking,-1
2175,3039,other,parking,no_opinion
2176,3040,student,parking,2
2177,3041,student,parking,0
2178,3042,student,parking,no_opinion
2179,3043,student,parking,2
2180,3044,student,parking,1
2181,3045,wimi,parking,no_opinion
2182,3046,niwi,parking,-1
2183,3047,student,parking,no_opinion
2184,3050,student,parking,1
2185,3051,student,parking,0
2186,3053,student,parking,1
2187,3054,student,parking,0
2188,3056,student,parking,-1
2189,3057,student,parking,no_opinion
2190,3058,student,parking,-2
2191,3060,student,parking,0
2192,3061,wimi,parking,no_opinion
2193,3063,student,parking,1
2194,3066,student,parking,-2
2195,3067,other,parking,-2
2196,3068,student,parking,no_opinion
2197,3069,student,parking,-2
2198,3071,student,parking,no_opinion
2199,3073,student,parking,0
2200,3074,student,parking,no_opinion
2201,3075,student,parking,2
2202,3076,student,parking,-2
2203,3077,student,parking,0
2204,3078,student,parking,-1
2205,3082,student,parking,-1
2206,3083,student,parking,no_opinion
2207,3084,student,parking,0
2208,3088,student,parking,0
2209,3089,prof,parking,-1
2210,3091,student,parking,0
2211,3093,wimi,parking,1
2212,3094,student,parking,-1
2213,3095,student,parking,0
2214,3096,student,parking,0
2215,3097,other,parking,no_opinion
2216,3098,student,parking,-2
2217,3102,student,parking,1
2218,3104,student,parking,0
2219,3106,student,parking,no_opinion
2220,3107,student,parking,2
2221,3108,student,parking,no_opinion
2222,3110,wimi,parking,0
2223,3111,student,parking,1
2224,3113,student,parking,2
2225,3114,student,parking,0
2226,3117,student,parking,no_opinion
2227,3118,student,parking,1
2228,3119,student,parking,-1
2229,3120,student,parking,no_opinion
2230,3121,student,parking,0
2231,3122,student,parking,0
2232,3123,student,parking,0
2233,3125,student,parking,no_opinion
2234,3127,student,parking,2
2235,3128,student,parking,no_opinion
2236,3130,niwi,parking,-2
2237,3131,student,parking,0
2238,3132,student,parking,0
2239,3135,student,parking,-1
2240,3141,student,parking,-1
2241,3142,niwi,parking,-2
2242,3143,student,parking,no_opinion
2243,3145,student,parking,no_opinion
2244,3146,student,parking,no_opinion
2245,3147,prof,parking,no_opinion
2246,3149,wimi,parking,1
2247,3150,niwi,parking,-2
2248,3151,niwi,parking,0
2249,3152,student,parking,1
2250,3153,student,parking,-1
2251,3155,prof,parking,-1
2252,3156,niwi,parking,-1
2253,3157,student,parking,1
2254,3158,niwi,parking,-1
2255,3159,student,parking,0
2256,3160,student,parking,-2
2257,3161,student,parking,-2
2258,3165,student,parking,0
2259,3168,student,parking,no_opinion
2260,3169,niwi,parking,-2
2261,3170,student,parking,-1
2262,3171,wimi,parking,0
2263,3172,wimi,parking,no_opinion
2264,3173,niwi,parking,-1
2265,3174,wimi,parking,0
2266,3175,niwi,parking,-1
2267,3176,student,parking,no_opinion
2268,3177,student,parking,-1
2269,3178,student,parking,1
2270,3179,student,parking,-1
2271,3180,student,parking,0
2272,3181,student,parking,0
2273,3182,niwi,parking,2
2274,3183,niwi,parking,-2
2275,3184,niwi,parking,0
2276,3185,niwi,parking,0
2277,3186,wimi,parking,-1
2278,3188,student,parking,-1
2279,3190,wimi,parking,-1
2280,3191,wimi,parking,0
2281,3193,other,parking,0
2282,3194,student,parking,1
2283,3195,niwi,parking,-2
2284,3196,prof,parking,1
2285,3197,student,parking,0
2286,3198,student,parking,no_opinion
2287,3199,student,parking,no_opinion
2288,3200,prof,parking,-1
2289,3201,student,parking,-2
2290,3202,wimi,parking,1
2291,3203,niwi,parking,-2
2292,3204,student,parking,-1
2293,3205,student,parking,-1
2294,3207,wimi,parking,-2
2295,3209,niwi,parking,-2
2296,3210,student,parking,-1
2297,3211,niwi,parking,-2
2298,3212,student,parking,-2
2299,3214,student,parking,no_opinion
2300,3215,student,parking,no_opinion
2301,3217,student,parking,-1
2302,3219,other,parking,2
2303,3220,student,parking,0
2304,3221,wimi,parking,-1
2305,3222,student,parking,-1
2306,3223,niwi,parking,-1
2307,3224,student,parking,no_opinion
2308,3226,student,parking,no_opinion
2309,3227,student,parking,0
2310,3228,niwi,parking,-2
2311,3230,student,parking,-2
2312,3231,wimi,parking,-1
2313,3232,wimi,parking,no_opinion
2314,3233,student,parking,-1
2315,3234,niwi,parking,-2
2316,3236,student,parking,-2
2317,3237,niwi,parking,-1
2318,3238,student,parking,-1
2319,3239,student,parking,2
2320,3240,niwi,parking,-2
2321,3241,student,parking,-2
2322,3242,student,parking,no_opinion
2323,3244,student,parking,-1
2324,3246,student,parking,1
2325,3247,student,parking,1
2326,3248,niwi,parking,0
2327,3249,student,parking,no_opinion
2328,3250,wimi,parking,no_opinion
2329,3251,niwi,parking,-2
2330,3252,niwi,parking,no_opinion
2331,3253,student,parking,0
2332,3255,student,parking,2
2333,3256,student,parking,no_opinion
2334,3258,student,parking,no_opinion
2335,3259,student,parking,0
2336,3261,student,parking,-2
2337,3262,student,parking,no_opinion
2338,3263,student,parking,2
2339,3264,student,parking,no_opinion
2340,3265,niwi,parking,-1
2341,3266,student,parking,0
2342,3267,other,parking,2
2343,3268,student,parking,1
2344,3269,student,parking,no_opinion
2345,3270,student,parking,no_opinion
2346,3271,niwi,parking,0
2347,3273,niwi,parking,2
2348,3274,wimi,parking,0
2349,3275,niwi,parking,no_opinion
2350,3276,wimi,parking,1
2351,3277,student,parking,2
2352,3278,wimi,parking,0
2353,3279,student,parking,-1
2354,3280,student,parking,-1
2355,3281,student,parking,no_opinion
2356,3282,student,parking,-1
2357,3283,wimi,parking,1
2358,3284,student,parking,1
2359,3285,student,parking,no_opinion
2360,3286,student,parking,no_opinion
2361,3288,student,parking,0
2362,3290,wimi,parking,no_opinion
2363,3291,student,parking,0
2364,3293,student,parking,no_opinion
2365,3294,student,parking,no_opinion
2366,3295,student,parking,-2
2367,3296,student,parking,-1
2368,3297,niwi,parking,1
2369,3298,niwi,parking,-1
2370,3301,student,parking,no_opinion
2371,3304,student,parking,-2
2372,3305,student,parking,-2
2373,3306,student,parking,1
2374,3307,student,parking,no_opinion
2375,3308,student,parking,no_opinion
2376,3309,student,parking,no_opinion
2377,3311,student,parking,no_opinion
2378,3314,wimi,parking,2
2379,3315,student,parking,no_opinion
2380,3316,wimi,parking,-2
2381,3319,student,parking,2
2382,3321,student,parking,no_opinion
2383,3322,student,parking,-1
2384,3323,student,parking,no_opinion
2385,3324,student,parking,-1
2386,3327,student,parking,0
2387,3328,student,parking,no_opinion
2388,3330,student,parking,1
2389,3331,student,parking,no_opinion
2390,3332,niwi,parking,-1
2391,3335,student,parking,no_opinion
2392,3336,student,parking,no_opinion
2393,3337,student,parking,-2
2394,3338,student,parking,1
2395,3339,student,parking,-1
2396,3340,student,parking,-1
2397,3341,wimi,parking,no_opinion
2398,3342,student,parking,1
2399,3343,student,parking,1
2400,3344,student,parking,no_opinion
2401,3348,student,parking,-1
2402,3349,student,parking,-1
2403,3350,student,parking,0
2404,3351,student,parking,2
2405,3352,student,parking,1
2406,3353,student,parking,no_opinion
2407,3354,student,parking,-1
2408,3355,student,parking,-1
2409,3357,wimi,parking,no_opinion
2410,3358,student,parking,0
2411,3359,student,parking,no_opinion
2412,3360,student,parking,no_opinion
2413,3361,student,parking,0
2414,3362,student,parking,0
2415,3363,student,parking,1
2416,3364,student,parking,no_opinion
2417,3369,student,parking,no_opinion
2418,3371,student,parking,no_opinion
2419,3372,student,parking,no_opinion
2420,3373,student,parking,no_opinion
2421,3374,student,parking,-1
2422,3376,wimi,parking,2
2423,3377,student,parking,1
2424,3379,student,parking,0
2425,3380,student,parking,-2
2426,3381,student,parking,no_opinion
2427,3384,student,parking,-1
2428,3385,student,parking,-2
2429,3386,student,parking,-2
2430,3387,student,parking,-2
2431,3393,student,parking,no_opinion
2432,3395,student,parking,no_opinion
2433,3396,student,parking,no_opinion
2434,3398,student,parking,-1
2435,3399,student,parking,2
2436,3400,student,parking,-1
2437,3401,student,parking,-1
2438,3402,student,parking,no_opinion
2439,3403,student,parking,1
2440,3404,prof,parking,-2
2441,3405,student,parking,no_opinion
2442,3406,student,parking,no_opinion
2443,3408,wimi,parking,0
2444,3409,wimi,parking,no_opinion
2445,3410,student,parking,1
2446,3411,student,parking,no_opinion
2447,3412,student,parking,-1
2448,3413,student,parking,no_opinion
2449,3414,student,parking,2
2450,3415,student,parking,1
2451,3416,student,parking,no_opinion
2452,3417,student,parking,no_opinion
2453,3418,student,parking,-2
2454,3419,student,parking,no_opinion
2455,3421,student,parking,1
2456,3422,student,parking,0
2457,3423,student,parking,0
2458,3425,student,parking,no_opinion
2459,3426,student,parking,1
2460,3427,student,parking,-1
2461,3429,student,parking,-1
2462,3430,student,parking,-1
2463,3431,student,parking,-1
2464,3432,student,parking,-2
2465,3436,student,parking,-2
2466,3439,student,parking,0
2467,3440,niwi,parking,-2
2468,3441,niwi,parking,0
2469,3443,student,parking,no_opinion
2470,3444,niwi,parking,2
2471,3445,niwi,parking,-1
2472,3446,student,parking,-1
2473,3447,niwi,parking,-2
2474,3448,student,parking,1
2475,3449,niwi,parking,-1
2476,3450,niwi,parking,2
2477,3451,niwi,parking,-2
2478,3452,niwi,parking,-2
2479,3453,niwi,parking,-2
2480,3454,niwi,parking,0
2481,3455,niwi,parking,0
2482,3456,student,parking,0
2483,3457,student,parking,no_opinion
2484,3459,niwi,parking,-1
2485,3461,student,parking,no_opinion
2486,3466,niwi,parking,2
2487,3467,wimi,parking,-1
2488,3468,wimi,parking,no_opinion
2489,3469,niwi,parking,0
2490,3470,wimi,parking,-1
2491,3471,student,parking,no_opinion
2492,3472,other,parking,0
2493,3473,niwi,parking,-1
2494,3475,niwi,parking,-1
2495,3476,student,parking,no_opinion
2496,3477,niwi,parking,-2
2497,3478,student,parking,no_opinion
2498,3480,niwi,parking,0
2499,3481,niwi,parking,no_opinion
2500,3482,wimi,parking,no_opinion
2501,3483,wimi,parking,0
2502,3484,student,parking,1
2503,3485,student,parking,-1
2504,3486,wimi,parking,no_opinion
2505,3488,student,parking,no_opinion
2506,3489,wimi,parking,-2
2507,3490,niwi,parking,-1
2508,3491,niwi,parking,-2
2509,3492,niwi,parking,0
2510,3493,student,parking,-1
2511,3494,niwi,parking,no_opinion
2512,3495,student,parking,no_opinion
2513,3496,niwi,parking,no_opinion
2514,3497,niwi,parking,no_opinion
2515,3498,niwi,parking,-1
2516,3499,student,parking,-2
2517,3500,student,parking,no_opinion
2518,3504,student,parking,-2
2519,3505,student,parking,no_opinion
2520,3506,student,parking,-2
2521,3507,prof,parking,-2
2522,3509,student,parking,-1
2523,3510,student,parking,-1
2524,3511,student,parking,2
2525,3512,student,parking,0
2526,3513,niwi,parking,-2
2527,3514,student,parking,-1
2528,3515,niwi,parking,-2
2529,3517,student,parking,no_opinion
2530,3518,student,parking,0
2531,3520,niwi,parking,-1
2532,3521,wimi,parking,-1
2533,3522,student,parking,no_opinion
2534,3523,student,parking,0
2535,3524,student,parking,no_opinion
2536,3525,student,parking,0
2537,3526,niwi,parking,-2
2538,3528,student,parking,1
2539,3530,student,parking,0
2540,3531,student,parking,-2
2541,3532,other,parking,-1
2542,3533,student,parking,no_opinion
2543,3534,student,parking,no_opinion
2544,3535,student,parking,0
2545,3536,student,parking,-1
2546,3537,niwi,parking,no_opinion
2547,3538,student,parking,no_opinion
2548,3539,student,parking,0
2549,3540,student,parking,no_opinion
2550,3542,student,parking,no_opinion
2551,3546,niwi,parking,-1
2552,3547,niwi,parking,-1
2553,3549,niwi,parking,1
2554,3550,niwi,parking,-2
2555,3551,niwi,parking,1
2556,3552,niwi,parking,-2
2557,3554,other,parking,-1
2558,3555,niwi,parking,no_opinion
2559,3556,student,parking,-1
2560,3557,student,parking,1
2561,3558,student,parking,0
2562,3559,other,parking,0
2563,3562,student,parking,1
2564,3564,niwi,parking,-1
2565,3565,student,parking,no_opinion
2566,3566,wimi,parking,no_opinion
2567,3567,niwi,parking,no_opinion
2568,3568,wimi,parking,-2
2569,3569,wimi,parking,no_opinion
2570,3571,student,parking,0
2571,3572,niwi,parking,1
2572,3574,niwi,parking,2
2573,3577,student,parking,no_opinion
2574,3578,other,parking,-2
2575,3579,student,parking,no_opinion
2576,3581,niwi,parking,-1
2577,3582,niwi,parking,1
2578,3584,niwi,parking,-1
2579,3585,niwi,parking,-2
2580,3586,wimi,parking,2
2581,3587,niwi,parking,-1
2582,3588,student,parking,no_opinion
2583,3589,niwi,parking,no_opinion
2584,3590,student,parking,-2
2585,3591,student,parking,1
2586,3592,niwi,parking,-2
2587,3593,niwi,parking,1
2588,3594,student,parking,1
2589,3596,student,parking,1
2590,3597,niwi,parking,-2
2591,3599,student,parking,-1
2592,3601,wimi,parking,no_opinion
2593,3602,niwi,parking,0
2594,3603,niwi,parking,1
2595,3605,student,parking,0
2596,3606,niwi,parking,0
2597,3608,student,parking,-1
2598,3609,other,parking,no_opinion
2599,3610,wimi,parking,1
2600,3612,student,parking,no_opinion
2601,3613,student,parking,no_opinion
2602,3617,wimi,parking,1
2603,3618,wimi,parking,1
2604,3620,niwi,parking,no_opinion
2605,3621,student,parking,no_opinion
2606,3622,student,parking,-1
2607,3624,student,parking,no_opinion
2608,3626,wimi,parking,-2
2609,3627,student,parking,no_opinion
2610,3628,wimi,parking,-1
2611,3629,student,parking,-1
2612,3630,student,parking,-2
2613,3631,niwi,parking,no_opinion
2614,3632,wimi,parking,0
2615,3635,niwi,parking,2
2616,3636,student,parking,1
2617,3637,student,parking,no_opinion
2618,3638,student,parking,no_opinion
2619,3639,student,parking,no_opinion
2620,3641,student,parking,-2
2621,3642,student,parking,no_opinion
2622,3644,prof,parking,0
2623,3646,prof,parking,-1
2624,3647,student,parking,no_opinion
2625,3649,prof,parking,no_opinion
2626,3650,student,parking,no_opinion
2627,3652,niwi,parking,-2
2628,3653,student,parking,2
2629,3654,student,parking,no_opinion
2630,3655,prof,parking,-2
2631,3656,other,parking,-2
2632,3657,niwi,parking,no_opinion
2633,3658,wimi,parking,-1
2634,3660,wimi,parking,no_opinion
2635,3661,student,parking,no_opinion
2636,3662,wimi,parking,no_opinion
2637,3663,student,parking,-2
2638,3666,student,parking,1
2639,3667,student,parking,no_opinion
2640,3668,student,parking,0
2641,3669,wimi,parking,-1
2642,3670,niwi,parking,-1
2643,3671,niwi,parking,no_opinion
2644,3672,niwi,parking,no_opinion
2645,3676,student,parking,no_opinion
2646,3680,student,parking,-1
2647,3682,other,parking,-2
2648,3683,niwi,parking,-1
2649,3684,student,parking,no_opinion
2650,3685,student,parking,no_opinion
2651,3687,student,parking,-2
2652,3689,student,parking,0
2653,3690,student,parking,no_opinion
2654,3693,wimi,parking,0
2655,3694,wimi,parking,2
2656,3695,niwi,parking,-2
2657,3699,niwi,parking,0
2658,3700,wimi,parking,1
2659,3701,student,parking,-1
2660,3703,student,parking,-1
2661,3706,student,parking,1
2662,3707,niwi,parking,0
2663,3708,student,parking,no_opinion
2664,3709,wimi,parking,-2
2665,3711,student,parking,-2
2666,3712,prof,parking,no_opinion
2667,3713,student,parking,-1
2668,3714,niwi,parking,-1
2669,3717,niwi,parking,-1
2670,3718,student,parking,no_opinion
2671,3719,student,parking,no_opinion
2672,3723,student,parking,0
2673,3725,student,parking,0
2674,3726,wimi,parking,no_opinion
2675,3727,student,parking,-2
2676,3731,student,parking,no_opinion
2677,3732,student,parking,0
2678,3734,student,parking,0
2679,3735,student,parking,-1
2680,3736,student,parking,1
2681,3737,student,parking,no_opinion
2682,3738,student,parking,0
2683,3739,niwi,parking,0
2684,3740,niwi,parking,-1
2685,3741,wimi,parking,-2
2686,3742,niwi,parking,-1
2687,3743,niwi,parking,0
2688,3745,prof,parking,-1
2689,3746,student,parking,no_opinion
2690,3749,niwi,parking,-2
2691,3751,wimi,parking,-1
2692,3752,other,parking,1
2693,3753,wimi,parking,no_opinion
2694,3754,wimi,parking,no_opinion
2695,3755,wimi,parking,no_answer
2696,3756,student,parking,-1
2697,3757,niwi,parking,no_opinion
2698,3759,niwi,parking,no_opinion
2699,3760,student,parking,no_opinion
2700,3761,student,parking,-2
2701,3762,student,parking,no_opinion
2702,3764,niwi,parking,2
2703,3765,student,parking,no_opinion
2704,3766,student,parking,-1
2705,3767,wimi,parking,no_opinion
2706,3769,niwi,parking,-2
2707,3770,wimi,parking,1
2708,3774,student,parking,no_opinion
2709,3777,student,parking,0
2710,3778,student,parking,0
2711,3781,student,parking,-2
2712,3782,student,parking,0
2713,3784,student,parking,0
2714,3786,student,parking,0
2715,3787,student,parking,-1
2716,3788,student,parking,1
2717,3789,student,parking,0
2718,3790,student,parking,no_opinion
2719,3791,student,parking,no_opinion
2720,3792,student,parking,no_opinion
2721,3794,student,parking,no_opinion
2722,3795,niwi,parking,-1
2723,3798,student,parking,-1
2724,3800,student,parking,0
2725,3801,student,parking,-1
2726,3803,student,parking,no_opinion
2727,3804,student,parking,-2
2728,3805,student,parking,-1
2729,3808,student,parking,-1
2730,3811,student,parking,no_opinion
2731,3813,student,parking,2
2732,3814,student,parking,-1
2733,3816,student,parking,0
2734,3818,student,parking,no_answer
2735,3819,student,parking,no_opinion
2736,3820,student,parking,-1
2737,3822,student,parking,no_opinion
2738,3823,niwi,parking,0
2739,3827,student,parking,-1
2740,3829,student,parking,0
2741,3832,student,parking,-2
2742,3835,student,parking,no_opinion
2743,3839,student,parking,1
2744,3841,student,parking,2
2745,3842,student,parking,0
2746,3845,student,parking,no_opinion
2747,3846,student,parking,-1
2748,3849,student,parking,0
2749,3850,student,parking,-1
2750,3851,student,parking,-2
2751,3852,niwi,parking,-2
2752,3853,student,parking,no_opinion
2753,3854,other,parking,-1
2754,3856,student,parking,-2
2755,3858,other,parking,1
2756,3859,niwi,parking,no_opinion
2757,3861,student,parking,-1
2758,3863,student,parking,-1
2759,3864,niwi,parking,2
2760,3865,prof,parking,0
2761,3868,student,parking,-1
2762,3869,niwi,parking,-1
2763,3871,student,parking,no_opinion
2764,3872,student,parking,-2
2765,3873,student,parking,no_opinion
2766,3874,student,parking,0
2767,3875,student,parking,no_opinion
2768,3876,niwi,parking,-1
2769,3877,student,parking,-2
2770,3878,student,parking,0
2771,3879,niwi,parking,-2
2772,3880,student,parking,no_opinion
2773,3881,student,parking,no_opinion
2774,3882,student,parking,no_opinion
